url,date
https://radiantevidence.top/56YEC0pj/luluhypermarket-xh/?_t=1679116872754,2023-03-29 
https://bit.ly/3RApR0r,2023-03-29 
https://wp20.ru/c260831569/,2023-03-29 
https://radiantevidence.top/56YEC0pj/luluhypermarket-xh/?_t=1679116872754,2023-03-29 
https://wp20.ru/c260831569/,2023-03-29 
https://radiantevidence.top/56YEC0pj/luluhypermarket-xh/?_t=1679116872754,2023-03-29 
https://radiantevidence.top/56YEC0pj/luluhypermarket-xh/?_t=1679116872754,2023-03-31 
https://radiantevidence.top/56YEC0pj/luluhypermarket-xh/?_t=1679116872754,2023-03-31 
https://www.youtube.com,2023-03-31 
https://127.0.0.1:5000,2023-03-31 
gscet.org,2023-03-31 
https://www.google.com,2023-03-31 
https://wp20.ru/c260831569/,2023-03-31 
https://wp20.ru/c260831569/,2023-03-31 
https://bit.ly/3RApR0r,2023-03-31 
https://www.instagram.com/reel/Cm392AooXjy/?igshid=YmMyMTA2M2Y=,2023-04-01 
https://www.instagram.com,2023-04-01 
https://www.instagram.com/reel/CgHLoRtpdns/?igshid=YmMyMTA2M2Y=,2023-04-05 
www.google.com,2023-04-05 
www.abcd.com,2023-04-05 
www.abcd.com,2023-04-05 
www.abcd.com,2023-04-05 
Www.google.com,2023-04-05 
https://www.google.com/,2023-04-05 
https://wp20.ru/c260831569/,2023-04-07 
https://wp20.ru/c260831569/,2023-04-07 
https://www.google.com,2023-04-09 
https://www.google.com,2023-04-09 
https://dibbaautocare.com/,2023-04-09 
www.google.com,2023-04-09 
https://www.google.com/,2023-04-09 
Www.google1.com,2023-04-09 
Www.google1.com,2023-04-09 
www.google.com,2023-04-12 
Google.com,2023-04-12 
www.google.com,2023-04-12 
Google.1,2023-04-12 
Www.google1.com,2023-04-12 
Google.1,2023-04-12 
Www.google.com,2023-04-12 
www.google.com,2023-04-12 
www.google.com,2023-04-12 
Google.com,2023-04-12 
Www.google.com,2023-04-12 
Www.fblogin.com,2023-04-12 
Google.com,2023-04-12 
www.abcd.com,2023-04-12 
www.google.com,2023-04-12 
https://www.google.com/,2023-04-12 
https://www.google.com/,2023-04-12 
www.megdheihdyudjh.il,2023-04-12 
www.google.com,2023-04-13 
https://www.google.com/,2023-04-13 
Google.com,2023-04-14 
https://radiantevidence.top/56YEC0pj/luluhypermarket-xh/?_t=1679116872754,2023-04-14 
https://bit.ly/3RApR0r,2023-04-14 
http://127.0.0.1:5000/submit,2023-04-14 
https://radiantevidence.top/56YEC0pj/luluhypermarket-xh/?_t=1679116872754,2023-04-14 
https://www.facebook.com,2023-04-14 
https://www.google.com,2023-04-14 
Google.com,2023-04-14 
Facebook.com,2023-04-14 
facebook.com,2023-04-14 
https://facebook.com,2023-04-14 
https://b988-103-178-205-92.ngrok-free.app/,2023-04-14 
https://wp20.ru/c260831569/,2023-04-19 
https://radiantevidence.top/56YEC0pj/luluhypermarket-xh/?_t=1679116872754,2023-04-19 
http://www.google.com/,2023-04-19 
https://www.google.com/,2023-04-19 
http://www.google.com/,2023-04-19 
https://www.google.com/,2023-04-19 
http://www.google.com/,2023-04-19 
http://www.google.com/,2023-04-19 
https://www.google.com/,2023-04-19 
http://www.google.com/,2023-04-19 
,2023-04-19 
,2023-04-19 
,2023-04-19 
,2023-04-19 
https://radiantevidence.top/56YEC0pj/luluhypermarket-xh/?_t=1679116872754,2023-04-19 
https://radiantevidence.top/56YEC0pj/luluhypermarket-xh/?_t=1679116872754,2023-04-19 
,2023-04-19 
https://wp20.ru/c260831569/,2023-04-19 
https://wp20.ru/c260831569/,2023-04-20 
http://www.google.com/,2023-04-21 
https://radiantevidence.top/56YEC0pj/luluhypermarket-xh/?_t=1679116872754,2023-04-21 
https://www.google.com/,2023-04-21 
https://wp20.ru/c260831569/,2023-04-22 
https://radiantevidence.top/56YEC0pj/luluhypermarket-xh/?_t=1679116872754,2023-04-23 
https://www.google.com/,2023-04-23 
https://www.google.com/,2023-04-23 
https://www.google.com/,2023-04-23 
http://www.google.com/,2023-04-23 
https://www.google.com/,2023-04-23 
http://www.google.com/,2023-04-23 
http://www.google.com/,2023-04-23 
http://www.google.com/,2023-04-23 
http://www.google.com/,2023-04-23 
https://www.google.com/,2023-04-23 
http://www.google.com/,2023-04-23 
https://www.google.com/,2023-04-23 
